{
  "Update Booking" : {
    "transaction" : "Update Booking",
    "sampleCount" : 100,
    "errorCount" : 0,
    "errorPct" : 0.0,
    "meanResTime" : 415.6800000000001,
    "medianResTime" : 329.0,
    "minResTime" : 310.0,
    "maxResTime" : 1626.0,
    "pct1ResTime" : 652.5000000000016,
    "pct2ResTime" : 1232.0,
    "pct3ResTime" : 1626.0,
    "throughput" : 0.7577709409999546,
    "receivedKBytesPerSec" : 0.6806322272403498,
    "sentKBytesPerSec" : 0.3707453529697043
  },
  "Partial Update Booking" : {
    "transaction" : "Partial Update Booking",
    "sampleCount" : 100,
    "errorCount" : 0,
    "errorPct" : 0.0,
    "meanResTime" : 362.53999999999996,
    "medianResTime" : 326.5,
    "minResTime" : 307.0,
    "maxResTime" : 1569.0,
    "pct1ResTime" : 380.9000000000001,
    "pct2ResTime" : 463.0,
    "pct3ResTime" : 1569.0,
    "throughput" : 0.757971970196542,
    "receivedKBytesPerSec" : 0.6810940709537561,
    "sentKBytesPerSec" : 0.26351369276364156
  },
  "Delete Booking" : {
    "transaction" : "Delete Booking",
    "sampleCount" : 100,
    "errorCount" : 0,
    "errorPct" : 0.0,
    "meanResTime" : 383.9599999999999,
    "medianResTime" : 324.5,
    "minResTime" : 301.0,
    "maxResTime" : 1680.0,
    "pct1ResTime" : 363.8,
    "pct2ResTime" : 927.0,
    "pct3ResTime" : 1680.0,
    "throughput" : 0.7580811450057614,
    "receivedKBytesPerSec" : 0.5591736820759294,
    "sentKBytesPerSec" : 0.18729934539693127
  },
  "Total" : {
    "transaction" : "Total",
    "sampleCount" : 700,
    "errorCount" : 0,
    "errorPct" : 0.0,
    "meanResTime" : 386.8314285714288,
    "medianResTime" : 325.0,
    "minResTime" : 301.0,
    "maxResTime" : 3347.0,
    "pct1ResTime" : 385.0,
    "pct2ResTime" : 680.0,
    "pct3ResTime" : 1701.0,
    "throughput" : 5.160947844935635,
    "receivedKBytesPerSec" : 7.5857725339885285,
    "sentKBytesPerSec" : 1.6149561964551662
  },
  "Create Booking" : {
    "transaction" : "Create Booking",
    "sampleCount" : 100,
    "errorCount" : 0,
    "errorPct" : 0.0,
    "meanResTime" : 380.76,
    "medianResTime" : 324.0,
    "minResTime" : 305.0,
    "maxResTime" : 1701.0,
    "pct1ResTime" : 402.70000000000005,
    "pct2ResTime" : 457.0,
    "pct3ResTime" : 1701.0,
    "throughput" : 0.7581443658501452,
    "receivedKBytesPerSec" : 0.7046004200119786,
    "sentKBytesPerSec" : 0.3472360425622247
  },
  "HTTP Request" : {
    "transaction" : "HTTP Request",
    "sampleCount" : 100,
    "errorCount" : 0,
    "errorPct" : 0.0,
    "meanResTime" : 390.9399999999999,
    "medianResTime" : 326.0,
    "minResTime" : 301.0,
    "maxResTime" : 2020.0,
    "pct1ResTime" : 384.6,
    "pct2ResTime" : 750.0,
    "pct3ResTime" : 2020.0,
    "throughput" : 0.7481390042269854,
    "receivedKBytesPerSec" : 3.864108732652527,
    "sentKBytesPerSec" : 0.1373536453072981
  },
  "Get Booking" : {
    "transaction" : "Get Booking",
    "sampleCount" : 100,
    "errorCount" : 0,
    "errorPct" : 0.0,
    "meanResTime" : 407.9200000000002,
    "medianResTime" : 321.5,
    "minResTime" : 306.0,
    "maxResTime" : 3347.0,
    "pct1ResTime" : 403.2000000000001,
    "pct2ResTime" : 598.0,
    "pct3ResTime" : 3347.0,
    "throughput" : 0.7582190949896882,
    "receivedKBytesPerSec" : 0.682945117258583,
    "sentKBytesPerSec" : 0.14808966699017348
  },
  "Create Token" : {
    "transaction" : "Create Token",
    "sampleCount" : 100,
    "errorCount" : 0,
    "errorPct" : 0.0,
    "meanResTime" : 366.0200000000001,
    "medianResTime" : 324.5,
    "minResTime" : 303.0,
    "maxResTime" : 1796.0,
    "pct1ResTime" : 393.70000000000016,
    "pct2ResTime" : 402.0,
    "pct3ResTime" : 1796.0,
    "throughput" : 0.7578800579020364,
    "receivedKBytesPerSec" : 0.5755595760040016,
    "sentKBytesPerSec" : 0.20427235935640825
  }
}